,url,mots-clés très pertinent,mots-clés avec 2 mots,mots-clés avec plusieurs mots
0,https://www.has-sante.fr/jcms/c_1009982/fr/biologie-des-anomalies-de-l-hemostase,recherche mutation ga,ga gène; gène facteur; epreuve duke; duke test; Test photométrique; photométrique agrégation; anticorps antifacteur; thrombopénie induire; induire héparine; détection anticoagulant; anticoagulant type,recherche mutation ga; titrage inhibiteur contre; plaquettaire cadre thrombopénie; reprendre totalité tome
1,https://www.has-sante.fr/jcms/c_1164340/fr/evaluation-de-la-sialendoscopie-parotidienne-et-submandibulaire-a-visee-diagnostique-et-therapeutique,condition réalisation acte,prise charge; groupe travail; sécurité acte; obstruction salivaire; identifiée jusqu’; jusqu’ février; février revue; forme pathologique; analyse critique; dispositif médical; bloc opératoire,condition réalisation acte; traiter balance bénéfic; risque favorable pathologie; position argumenter groupe; étude clinique identifiée; bilan complet non; diagnostiquer pathologie obstruction; type obstruction améliorer
2,https://www.has-sante.fr/jcms/c_1173766/fr/l-hormone-de-croissance-chez-l-enfant-non-deficitaire-evaluation-du-service-rendu-a-la-collectivite,interrogation commission transparence; amélioration taille adulte; tolérance long terme; pathologique petit taille; documenter dimension Service,répondre interrogation; transparence porter; porter amélioration; terme caractère; caractère pathologique; Service Rendu; Rendu collectivité; éclairer lieu; lieu décision; contenir également; scientifique nécessaire,interrogation commission transparence; tolérance long terme; documenter dimension Service; pathologique petit taille; amélioration taille adulte; également donnée scientifique; élaboration document destiner
3,https://www.has-sante.fr/jcms/c_1237001/fr/syndrome-de-bardet-biedl,protocole national diagnostic; professionnel concerner prise; diagnostique thérapeutique optimal; soin patient atteindre,explicite professionnel; prise charge; charge diagnostique; optimal parcours; atteindre syndrome; syndrome Bardet; diagnostic soin; parcours soin; affections\xarare Génétique; malformatif l\'égid; de\xaler Filière,protocole national diagnostic; professionnel concerner prise; diagnostique thérapeutique optimal; soin patient atteindre; l\'égid partenariat de\xaler; aide méthodologie proposer; sensgene filière santé; développement déficience intellectuel; élaborer le\xacentre référence; santé maladie rare; anomalier développement syndrome
4,https://www.has-sante.fr/jcms/c_1261551/fr/delivrance-de-l-information-a-la-personne-sur-son-etat-de-sante,évaluation information donner; issu loi numéro,information délivrer; régir règle; santé public; professionnel santé; cohérence évaluation; ajout paragraphe; complexe mineur; mineur majeur; consulter liste; inconnus moment; moment réalisation,issu loi numéro; évaluation information donner; circonstance cause dommage; décembre protection personne; scientifique acquérir postérieurement; fin vie régir; médical relever bioéthique; paragraphe situation complexe; recherche biomédical loi; contenu qualité information; information risque inconnus
5,https://www.has-sante.fr/jcms/c_1264004/fr/conditions-pre-analytiques-de-realisation-de-la-recherche-du-genome-adn-des-papillomavirus-humains-hpv-oncogenes-a-partir-de-frottis-cervico-uterins-rapport-d-evaluation,facteur pré-analytiques succeptible; réalisation phase pré-analytiqu,d\'identifier facteur; succeptible d\'interférer; d\'interférer résultat; condition réalisation; résultat recherche; pré-analytiqu recherche; d\'établir condition,facteur pré-analytiques succeptible; réalisation phase pré-analytiqu
6,https://www.has-sante.fr/jcms/c_1343374/fr/prothese-epiretinienne-et-son-acte-d-implantation,indésirable place stratégie; l.-- code sécurité,définir indication; indication situation; prendre compte; compte rapport; effet indésirable; handicap lier; amélioration qualité; prise charge; sécurité social; argu ii; environnement technique,indésirable place stratégie; l.-- code sécurité; évaluer intérêt prendre; déterminer condition utilisation; qualité vie patient; situation clinique utilisation
7,https://www.has-sante.fr/jcms/c_1345397/fr/implants-articulaires-de-genou,implant articulaire genou; stratégie thérapeutique intérêt; choix type prothèsestratégie,critère décision; intervenir choix; santé public; définir médicalement; médicalement description; réponse saisine; maladie l\'arthroplastie; document spécifique; spécifique produire; reprendre développe; évaluer intérêt,implant articulaire genou; choix type prothèsestratégie; stratégie thérapeutique intérêt; objectif travail évaluer; vise également définir; description générique indication; modalité utilisation prescription; saisine ha acte; charge Assurance maladie; avis cnedimt implant; décision arthroplastie genouélément
8,https://www.has-sante.fr/jcms/c_1356838/fr/utilite-clinique-du-dosage-de-la-vitamine-d-rapport-d-evaluation,mesure concentration sérique,vitamine d; supplémentation vitamine; survenue pathologie; valeur référence; d survenue; associer pathologie,mesure concentration sérique; pathologie identifier littérature
9,https://www.has-sante.fr/jcms/c_1364144/fr/radiotherapie-conformationnelle-avec-modulation-d-intensite-dans-le-cancer-du-canal-anal,traitement cancer canal,canal anal; recueil donnée; dose fraction; étude contrôler; rapport RTC; débit traitement; mise œuvre; radiothérapie conformationnel; littérature insuffisamment; conviction ferme; intérêt technique,traitement cancer canal; indication répandre respectivement; technologie implication actif; taux rechute local; degré article R.; pratique imposer France; patient niveau connaissance; pouvoir mettre œuvre; définir INCa satisfait; réaliser responsabilité INCa; ferme professionnel intérêt
10,https://www.has-sante.fr/jcms/c_1525658/fr/pose-et-entretien-des-catheters-veineux-peripheriques,prévention infection lier; standardisation pratique pose; bonne pratique antisepsie; antisepsie manipulation cathéter,cathéter veineux; maintien cathétérisme; pose entretien; lier cathéter; entretien cathéter; bon pratique; élaborer sélectionner; sélectionner partir; constituer élément; élément simple; objectif qualité,bonne pratique antisepsie; prévention infection lier; antisepsie manipulation cathéter; standardisation pratique pose; veineux périphérique constituer; standard respect bonne; partir recommandation bon; simple opérationnel bon; périphérique \xa objectif; tubulure robinet evaluation; sécurité critère sont\xa
11,https://www.has-sante.fr/jcms/c_1528194/fr/jevtana-xtandi-et-zytiga-cabazitaxel-enzalutamide-et-abiraterone-des-progres-therapeutiques-pour-certains-cancers-metastatiques-de-la-prostate,androgène Zytiga ®,mois vs; métastatique prostate; second ligne; maladie progresser; vs placebo; Xtandi ®; ® amm; cytotoxique famille; asymptomatique symptomatique; suppression androgénique; cliniquement indiquer,androgène Zytiga ®; considérer résistant castration; traitement cancer métastatique; ® xtandi ®; faire terrain malade; risquer cumul toxicité; état général supporter; inhibiteur biosynthèse androgène; ligne homme maladie; lorsqu’ chimiothérapie cliniquement; chimiothérapie base docétaxel
12,https://www.has-sante.fr/jcms/c_1528391/fr/evaluation-des-implants-de-pontage,évaluer service rendre; commission recommande individualiser; traitement surface contenir,description générique; inscription nom; spécification technique; type implant; déterminer indication; place stratégie; codification clarifier; contenir substance; prescription envisager; tissu origine; biologique issu,évaluer service rendre; traitement surface contenir; commission recommande individualiser; éviter erreur codification; étude présenter demande; modalité utilisation prescription; comporter dérivé tissu; technique conditionner service; dispositif entrer description; inscription produit LPPR
13,https://www.has-sante.fr/jcms/c_1602735/fr/comment-reduire-les-rehospitalisations-evitables-des-personnes-agees,haut risque réhospitalisation; préparation sortie lien; document sortie jour; rôle respectif équipe; primaire coordination appui,admission patient; patient haut; lien médecin; médecin traitant; mise disposition; disposition document; équipe soin; soin primaire; appui suivi; suivi post-sortie; condition optimal,haut risque réhospitalisation; rôle respectif équipe; primaire coordination appui; préparation sortie lien; document sortie jour; fiche précise condition; prise charge étape; établissement hospitalier ville
14,https://www.has-sante.fr/jcms/c_1604609/fr/recommandations-organisationnelles-de-la-chirurgie-ambulatoire-outils-et-guide,étude benchmark viser; facteur cler réussite; identifier défaillance potentiel; sécurité mettre oeuvre,viser identifier; mode défaillance; défaillance effet; chirurgie ambulatoire; réussite développement; potentiel barrière; barrière sécurité; développement chirurgie; identifier facteur; outil associer; flux méthode,sécurité mettre oeuvre; facteur cler réussite; étude benchmark viser; identifier défaillance potentiel; mobilisation théorie technique; accompagnement d\'expert professionnel; issu monde industriel; ascendant issu terrain
15,https://www.has-sante.fr/jcms/c_1647165/fr/anemie-chez-l-insuffisant-renal-comment-utiliser-les-agents-stimulant-l-erythropoiese,lier déficit production,taux hémoglobine; responsable symptôme; exclusivement secondaire; production érythropoïétin; anémie responsable; secondaire irc,lier déficit production; hémoglobine ≤ gramme
16,https://www.has-sante.fr/jcms/c_1648783/fr/evaluation-des-vetements-compressifs-sur-mesure-pour-grands-brules,compressif mesure grand; brûlure atteinte derme,vêtement compressif; prise charge; grand brûlé; mise jour; cnedimt recommande; intérêt pouvoir; dispositif étendre; nécessité réserver; médecin spécialiste; structure spécialiser; spécialiste prise,compressif mesure grand; brûlure atteinte derme; pouvoir utiliser dispositif; réserver prescription médecin; cutané assimilation brûlure; charge brûlure séquelle; exercer exercer structure
17,https://www.has-sante.fr/jcms/c_1650212/fr/depistage-du-cancer-du-sein-chez-les-femmes-de-40-a-49-ans-et-de-70-a-79-ans-en-france-note-de-cadrage,priori programme dépistage,cancer sein; femme âgé; an an; guide méthodologique; méthodologique ANAES; évaluation priori; an France; dépistage organiser,priori programme dépistage; pertinence dépistage cancer
18,https://www.has-sante.fr/jcms/c_1670874/fr/forfait-hebdomadaire-7-forfait-de-mobilisation-thoracique-et-d-aide-a-la-toux-note-de-cadrage,forfait prestation dispositif,évaluer intérêt; médical concerner; risque place; place stratégie; prendre compte; compte gravité; besoin déjà; déjà couvert; commun catégorie; condition prescription; population cible,forfait prestation dispositif; gravité pathologie besoin; caractéristique technique commun; santé public prendre; concerner revoir indication
19,https://www.has-sante.fr/jcms/c_1729194/fr/sortie-de-maternite-preparez-votre-retour-a-la-maison-document-d-information-destine-aux-femmes-enceintes,document\xa but \xainformer; organisation suivi bébé; devoir permettre mieux; santé aider choisir,professionnel santé; mère enfant; \xainformer possibilité; possibilité organisation; mieux échanger; échanger professionnel; choisir modalité; modalité sortie; contact complet; enfant naissance; utile mère,document\xa but \xainformer; devoir permettre mieux; santé aider choisir; organisation suivi bébé; cas durée séjour; assurer suivi mère
20,https://www.has-sante.fr/jcms/c_1754223/fr/ameliorer-le-suivi-des-patients-en-radiologie-interventionnelle-et-actes-radioguides,patient risque dose; médecin traitant préciser; alerte recommandation suivi; suivi recueil adhésion; approche RCP exemple,préciser signe; signe alerte; patient nécessité; suivi prise; risque suivi; \r\ncourrier médecin; aller jusqu’; jusqu’ interruption; niveau référence; référence interventionnel; règle réduction,médecin traitant préciser; approche RCP exemple; alerte recommandation suivi; suivi recueil adhésion; patient risque dose; effectuer sortie visite; avis centre référent; besoin pouvoir aller; initial mois cas; dose cours procédure; réduction dose délivrer
21,https://www.has-sante.fr/jcms/c_1761792/fr/guide-parcours-de-soins-maladie-coronarienne-stable,maladie coronarienne stable,maladie coronarien; atteinte maladie; professionnalité prise; principe modalité; modalité coordination; douleur thoracique; futur cas; professionnel impliquer; évaluer probabilité; médecine ville; ville médecine,maladie coronarienne stable; prise charge principe; coordination coopération professionnel; risque événement futur; expliciter parcours soin; coronarien stable\xaen médecine
22,https://www.has-sante.fr/jcms/c_1769921/fr/evaluation-de-onze-actes-de-chirurgie-viscerale-par-coelioscopie-deux-colectomies-neuf-actes-rares,rétablissement continuité cœlioscopie,chirurgie viscéral; anastomos biliodigestiv; indication récidive; argumentaire porte; conduit biliaire; porter conduit; continuité indication; neuf acte,rétablissement continuité cœlioscopie; récidive cancer estomac; acte rare chirurgie
23,https://www.has-sante.fr/jcms/c_1781741/fr/crosslinking-du-collagene-corneen-et-anneaux-intra-corneens-dans-le-traitement-des-ectasies-corneennes,vue party prenant; CXL constitue modalité; démontrer opacité cornéenne,modalité thérapeutique; cornéenne pachymétrie; pachymétrie adéquat; thérapeutique patient; faible niveau; évènement indésirable; résultat efficacité; écrire point; d\'ophtalmologie association; insatisfaisant correction; correction lentilles,CXL constitue modalité; vue party prenant; démontrer opacité cornéenne; patient porteur kératocône; académie français ophtalmologie; lentilles intolérant lentille; probabilité progression rapide; acuité visuel insatisfaisant; conseil national professionnel; porteur kératocône\xa opacité; association patient Kératocône
24,https://www.has-sante.fr/jcms/c_2015058/fr/quelle-place-pour-les-benzodiazepines-dans-l-insomnie,effet indésirable conséquence,modalité arrêt; benzodiazépine apparenter; insomnie origine; conséquence grave; requérir respect; respect règle; dose minimum; limitation temps; < j; patient durée; durée traitement,effet indésirable conséquence; résoudre cause insomnie
25,https://www.has-sante.fr/jcms/c_2019800/fr/mesure-du-monoxyde-d-azote-no-dans-l-air-expire,recommandation bon pratique,prise charge; mesure feno; évaluation technologique; rapport évaluation; état actuel; actuel connaissance; technologique nice; guider mesure; résultat analyse; suivi asthme; stratégie prise,recommandation bon pratique; place mesure NO; permettre conclure amélioration; pouvoir conforter décision; décider initiation arrêt; toutefois considérer option; corticoïde inhaler patient; test diagnostique stratégie; valeur ajouter clinique; donnée littérature synthétique; essai clinique issu
26,https://www.has-sante.fr/jcms/c_2021758/fr/modification-de-la-nomenclature-des-actes-de-biologie-medicale-pour-les-actes-de-recherche-du-treponema-pallidum-bacterie-responsable-de-la-syphilis,donnée recueillir agence; don sang France,biologie médical; qualification don; of care; produit santé; rapides orientation; orientation diagnostique; bon pratique; pratique rapport; agence national; national sécurité; adopter qualification,don sang France; donnée recueillir agence; sécurité médicament produit; rapport évaluation technologique; exclusion test rapides; qualité\xa;statistique laboratoire biologie; conclusion recommandation bon; remplacement association systématique; Linked immunosorbent Assay; analyse cohérence contenu; total méthode reproductible
27,https://www.has-sante.fr/jcms/c_2028188/fr/epidermolyses-bulleuses-hereditaires,élaborer centre référence,maladie rare; référence maladie; explicite professionnel; prise charge; charge diagnostique; optimal parcours; adulte atteindre; atteindre d\'épidermolyse; epidermolyse bulleuse; cutané MAGEC; aide méthodologie,élaborer centre référence; protocole national diagnostic; professionnel concerner prise; diagnostique thérapeutique optimal; peau fimarad\xaà aide; soin patient adulte; d\'épidermolyse bulleux héréditaire; validation ha participer; maladie génétique cutané
28,https://www.has-sante.fr/jcms/c_2032142/fr/ameliorer-la-coordination-entre-le-medecin-generaliste-et-les-differents-acteurs-de-soins-dans-la-prise-en-charge-des-troubles-mentaux-note-de-cadrage,généraliste acteur soin; charge trouble mental,prise charge; médecin généraliste; coordination médecin; améliorer prise; programme pluriannuel; relatif psychiatrie; psychiatrie santé; usager état; état lieu; synthèse donnée; donnée scientifique,généraliste acteur soin; charge trouble mental; lieu pratiques\xaet synthèse; pluriannuel ha relatif; patients\xaprésentant trouble mentaux\xa\xa\xa\xa\xa\xa; scientifique coordination communication
29,https://www.has-sante.fr/jcms/c_2038173/fr/maladie-de-parkinson-et-syndromes-apparentes-techniques-et-modalites-de-la-prise-en-charge-non-medicamenteuse-des-troubles-moteurs,technique rééducativ manuel; prise charge moyen; cours période prise,activité physique; manuel instrumental; instrumental montrer; améliorer capacité; moyen rééducatif; rééducatif utiliser; trouble moteur; moteur conséquence; charge)\xa;\r\nla diversité\xa;\r\nla; physique composant; patient activité,cours période prise; technique rééducativ manuel; prise charge moyen; montrer supériorité rapport; utiliser traiter trouble; recommander proposer patient; choix prendre compte; conséquence respecter principe; diversité\xa;\r\nla régularité\xa;\r\nla continuité; composant commune technique
30,https://www.has-sante.fr/jcms/c_2048406/fr/myasthenie-autoimmune,protocole national diagnostic; professionnel concerner prise; diagnostique thérapeutique optimal; pathologie neuromusculaire Paris,explicite professionnel; prise charge; charge diagnostique; optimal parcours; atteindre myasthénie; centre référence; référence pathologie; Paris aide; aide méthodologie; participer élaboration; diagnostic soin,protocole national diagnostic; professionnel concerner prise; diagnostique thérapeutique optimal; pathologie neuromusculaire Paris; soin patient atteindre; méthodologie proposer ha; objet validation ha; autoimmune.\xail élaborer centre
31,https://www.has-sante.fr/jcms/c_2049096/fr/comment-reduire-les-hospitalisations-non-programmees-des-residents-des-ehpad,hospitalisation non programmer,médecin traitant; mettre place; état lieu; syndrome gériatrique; hospitalisation potentiellement; organisation recours; perte chance; dossier liaison; procédure gestion; partenariat effectif; effectif \xaet,hospitalisation non programmer; prendre charge optimal; régulièrement commission coordination; considérer hospitalisation inappropriée; autres\xa professionnel libéral; indicateur réunion pluriprofessionnelle; éviter comorbidité syndrome; \xaet conventionner ressource; appuyer succès poursuivre; ressource mobilisabler interne; Commencer objectif réaliste
32,https://www.has-sante.fr/jcms/c_2055362/fr/isolement-et-contention-en-psychiatrie-generale,autoriser psychiatrie désigner; général agence régional,désigner directeur; contention mécanique; directeur général; mesure contention; équipe soignant; mise contention; santé autoriser; établissement santé; régional santé; tracer dossier; levée mesure,autoriser psychiatrie désigner; général agence régional; mettre place mesure; épisode membre équipe; prescription renouveler heure; mentionne nom psychiatre; professionnel santé surveiller; donne lieu analyse; patient permettre repos; prévoir dédier procurer; mécanique faire espace
33,https://www.has-sante.fr/jcms/c_2565031/fr/radiotherapie-en-conditions-stereotaxiques-des-tumeurs-hepatiques-rapport-d-evaluation-technologique,évaluation technologie santé; conseil national professionnel,série cas; assurance qualité; santé recommandation; recommandation bon; rapport évaluation; cas prospectif; ressource suffisant; spécifique organisation; organisation garantir; procédure assurance; bon pratique,conseil national professionnel; évaluation technologie santé; garantir respect procédure; traitement tumeur hépatique; apparaître préliminaire littérature; technique exigeante nécessite; préconisent réaliser centre; rigueur matière radioprotection; recommandation permettre standardiser\xa; concluant efficacité sécurité;il; donnée efficacité sécurité
34,https://www.has-sante.fr/jcms/c_2573383/fr/sclerose-laterale-amyotrophique,protocole national diagnostic; professionnel concerner prise; diagnostique thérapeutique optimal; référence SLA aide,explicite professionnel; prise charge; charge diagnostique; optimal parcours; latéral amyotrophique; élaborer centre; centre référence; aide méthodologie; méthodologie proposer; objet validation; participer élaboration,protocole national diagnostic; professionnel concerner prise; diagnostique thérapeutique optimal; référence SLA aide; validation ha participer; soin patient atteint\xade\xasclérose; atteint\xer de\xaSclérose latéral
35,https://www.has-sante.fr/jcms/c_2574640/fr/atrophie-multisystematisee,protocole national diagnostic; professionnel concerner prise; diagnostique thérapeutique optimal; référence maladie rare; aide méthodologie proposer,explicite professionnel; prise charge; charge diagnostique; optimal parcours; élaborer centre; centre référence; rare AMS; AMS aide; diagnostic soin; parcours soin; proposer ha,protocole national diagnostic; professionnel concerner prise; diagnostique thérapeutique optimal; référence maladie rare; aide méthodologie proposer; soin patient atteindre
36,https://www.has-sante.fr/jcms/c_2580600/fr/maladie-de-gaucher,protocole national diagnostic; professionnel concerner prise; diagnostique thérapeutique optimal; soin patient atteindre; aide méthodologie proposer,explicite professionnel; prise charge; charge diagnostique; optimal parcours; lysosomal aide; diagnostic soin; parcours soin; maladie lysosomal; proposer ha; validation ha; ha participer,protocole national diagnostic; professionnel concerner prise; diagnostique thérapeutique optimal; aide méthodologie proposer; soin patient atteindre; centre référence maladie
37,https://www.has-sante.fr/jcms/c_2587776/fr/occlusion-de-veine-saphene-par-laser-par-voie-veineuse-transcutanee,conduire ha efficacité,veine saphène; évaluation conduire; efficacité sécurité; sécurité procédure; technique référence; crossectomie éveinage; éveinage varice; alternative valider; actualiser évaluation; comparaison technique; petit veine,conduire ha efficacité; objectif travail actualiser; procédure laser comparaison; valider occlusion grand; varice grand petit; inscription remboursement acte\xadans; condition réalisation définir
38,https://www.has-sante.fr/jcms/c_2589363/fr/deletion-22q11,protocole national diagnostic; professionnel concerner prise; diagnostique thérapeutique optimal; anomalie développement syndrome; Sud Montpellier aide,explicite professionnel; prise charge; charge diagnostique; optimal parcours; atteindre délétion; centre référence; référence anomalie; syndrome Malformatifs; Malformatifs Sud; aide méthodologie; méthodologie proposer,protocole national diagnostic; professionnel concerner prise; diagnostique thérapeutique optimal; anomalie développement syndrome; Sud Montpellier aide; soin patient atteindre; validation ha participer; q. élaborer centre
39,https://www.has-sante.fr/jcms/c_2612334/fr/faire-dire,communication professionnel santé,poser question; patient poser; ® ®; the loop; Health Policy; health literacy; lutter contre; and Quality; développer national; réponse constituer; constituer obstacle,communication professionnel santé; simplement angoisse réponse; du\xa center for; for Healthcare Research; obstacle bon communication; patient interroger sur\xer; ® incite patient; faire adresse professionnel; agir outil ask; communication patient développer Foundation; question poser patient
40,https://www.has-sante.fr/jcms/c_2624413/fr/evaluation-de-thrombectomie-des-arteres-intracraniennes-par-voie-endovasculaire,sécurité thrombectomie mécanique; for Health Technology; condition réalisation technique,European Network; Network for; prise charge; cadre projet; vise identifier; identifier publication; consultation organisme; santé concerner; critère éligibilité; circulation antérieur; impact fonctionnel,for Health Technology; sécurité thrombectomie mécanique; condition réalisation technique; publication publier finalisation; organisme professionnel santé; présente analyse exhaustif; bibliographique complémentaire vise; tm élaborer cadre; vasculaire cérébral ischémique; éligibilité patient technique
41,https://www.has-sante.fr/jcms/c_2659417/fr/endoprotheses-stents-coronaires,stent non actif; stent couvert ptfe; maintien inscription nom,nom marque; description générique; inscription description; stent nus; hémorragique élevé; élevé difficulté; bithérapie antiagrégant; perforation rupture; modification modalité; titan ENERGY; prise bithérapie,maintien inscription nom; stent couvert ptfe; stent non actif; antiagrégant plaquettaire associer; difficulté prévisionnel prise; traitement \xades perforation; actif étendre indication; patient risque hémorragique; traitement lésion coronaire; inscription gamme stent
42,https://www.has-sante.fr/jcms/c_272101/fr/indications-a-visee-diagnostique-de-l-endoscopie-digestive-haute-en-pathologie-oeso-gastro-duodenale-de-l-adulte-a-l-exclusion-de-l-echoendoscopie-et-l-enteroscopie,exploration morphologique œso; haute diagnostic suivi; l\'hypertension portal hémorragie,signe clinique; on proposer; proposer exploration; d\'endoscopi digestif; digestif haute; suivi reflux; reflux gastro-œsophagien; maladie ulcéreux; ulcéreux l\'hypertension; indication biopsie; biopsie duodénal,exploration morphologique œso; haute diagnostic suivi; l\'hypertension portal hémorragie; l\'objectif recommandation professionnel
43,https://www.has-sante.fr/jcms/c_272206/fr/prise-en-charge-du-patient-atteint-de-mucoviscidose-pneumologie-et-infectiologie,bronchopulmonaire Staphylococcus aureus,diagnostique infection; infection bronchopulmonaire; stratégie antibiothérapie; voie administration; thérapeutique visée; visée respiratoire; bronchopulmonaire Pseudomonas; vis-à-vis pseudomonas; pseudomonas aeruginoser; consensus répondre; répondre question,bronchopulmonaire Staphylococcus aureus; respiratoire traitement mucoviscidose; l\'objectif conférence consensus
44,https://www.has-sante.fr/jcms/c_272207/fr/prise-en-charge-du-patient-atteint-de-mucoviscidose-observance-nutrition-gastro-enterologie-et-metabolisme,on proposer maintenir; glucidique cours mucoviscidose; charge l\'atteint hépato,maintenir état; abdominal patient; patient atteindre; trouble métabolisme; métabolisme glucidique; prise charge; l\'état nutritionnel; nutritionnel l\'évolution; stratégie on; état nutritionnel; démarche diagnostique,glucidique cours mucoviscidose; on proposer maintenir; charge l\'atteint hépato; diagnostique douleur abdominal; diagnostique thérapeutique trouble
45,https://www.has-sante.fr/jcms/c_272226/fr/diagnostic-et-traitement-curatif-de-l-infection-bacterienne-precoce-du-nouveau-ne,il pratiquer nouveau,falloir il; suspect d\'infection; naître suspect; anamnestique signe; signe clinique; d\'une infection; thérapeutique recommander; biologique falloir; bilan bactériologique; bactériologique falloir; infection bactérien,il pratiquer nouveau; clinique suspicion d\'une
46,https://www.has-sante.fr/jcms/c_272236/fr/thrombophilie-et-grossesse-prevention-des-risques-thrombotiques-maternels-et-placentaires,pathologie vasculaire placentaire; examen complémentaire réaliser; patient traiter modalité,maladie thrombo; embolique veineux; veineux maternel; moyen thérapeutique; modalité pratique; risque maladie; risque pathologie; donner patient; consensus répondre; répondre question; poser jury,pathologie vasculaire placentaire; examen complémentaire réaliser; patient traiter modalité; l\'objectif conférence consensus
47,https://www.has-sante.fr/jcms/c_272303/fr/masso-kinesitherapie-et-traitement-orthopedique-des-deformations-congenitales-isolees-du-pied-au-cours-des-six-premiers-mois-de-la-vie,démarche thérapeutique technique,délai orienter; orienter nouveau; naître présenter; information participation; participation parent; résultat attendre; technique rééducation; rééducation choisir; attendre démarche; thérapeutique associer; présenter déformation,démarche thérapeutique technique; associer non rééducation; déformation traiter surveiller; déformation congénital pied; l\'objectif recommandation professionnel; congénital exceptionnellement isolé; isoler orteil pied; recommandation déformation pied
48,https://www.has-sante.fr/jcms/c_272363/fr/recommandations-pour-le-suivi-medical-des-patients-asthmatiques-adultes-et-adolescents,prise charge épisode,aigu grave; patient asthmatique; évaluer place; débit expiratoire; expiratoire pointe; fonctionnel respiratoire; inclure gaz; radiographie thoracique; éosinophile expectoration; schéma adaptation; préciser spécificité,prise charge épisode; modalité suivi médical; place examen complémentaire; patient risque asthm; suivi tolérance observance; définir critère suivi; efficacité traitement asthme; spécificité suivi asthme
49,https://www.has-sante.fr/jcms/c_272365/fr/ccq-cephalees-chroniques-quotidiennes-diagnostic-role-de-l-abus-medicamenteux-prise-en-charge,recommandation objectif d\'améliorer; prise charge céphalée; abus médicamenteux raison; définition ccq diagnosticretentissement; qualité vie handicapfacteur,céphalée chronique; chronique quotidienner; connu professionnel; professionnel public; raison fréquence; autres)prise chargepréventionccq; d\'améliorer diagnostic; handicapfacteur associer; psychopathologique autres)prise; diagnostic retentissement; vie handicap,prise charge céphalée; abus médicamenteux raison; qualité vie handicapfacteur; définition ccq diagnosticretentissement; recommandation objectif d\'améliorer; charge prévention CCQ; handicap facteur associer
50,https://www.has-sante.fr/jcms/c_272372/fr/moyens-therapeutiques-pour-ralentir-la-progression-de-l-insuffisance-renale-chronique-chez-l-adulte,filtration glomérulaire millilitre; régime restreindre protéinesLe; l\'obésitéle sevrage tabagique; diagnostiquer insuffisance rénal; fiche bon usage,moyen thérapeutique; débit filtration; usage technologie; technologie santé\xa; diagnostic insuffisance; progression l\'insuffisance; atteindre d\'irc; partir créatininémie; formule Cockcroft; Cockcroft Gault; méthode enzymatique,fiche bon usage; diagnostiquer insuffisance rénal; filtration glomérulaire millilitre; régime restreindre protéinesLe; l\'obésitéle sevrage tabagique; permettre ralentir progression; suppléance dialyse transplantation; Gault équation CKD; enzymatique standardiser idms; EPI estimer DFG; recommandation porter moyen
51,https://www.has-sante.fr/jcms/c_272376/fr/elements-d-information-des-hommes-envisageant-la-realisation-d-un-depistage-individuel-du-cancer-de-la-prostate-document-a-l-usage-des-professionnels-de-sante,individuel cancer prostate,dépistage individuel; dosage psa; élément information; information délivrer; consulter fois; fois sujet; opportunité dépistage; prostate dosage; réalisation dépistage,individuel cancer prostate; psa sérique total; définir formuler élément; délivrer homme consulter; sujet envisager réalisation
52,https://www.has-sante.fr/jcms/c_272409/fr/indications-de-la-transplantation-hepatique,optimiser prise charge; transplanter hépatite viral; cas cirrhose alcoolique; indication transplantation hépatique; cancer foie on,conférence consensus; charge patient; patient transplanter; alcoolique est-elle; on traiter; donneur vivant; français chirurgie; l\'association français; est-elle indication; traiter transplantation; vivant transplantation,indication transplantation hépatique; optimiser prise charge; transplanter hépatite viral; cas cirrhose alcoolique; cancer foie on
53,https://www.has-sante.fr/jcms/c_272417/fr/hemorragies-du-post-partum-immediat,période anténatal travail; prise charge recommander,cas hpp; menacer pronostic; facteur risque; anténatal moment; diminuer risque; risque survenue; risque période; invasif recommander; recommander stratégie; recommander période; hpp persiste,prise charge recommander; période anténatal travail; moment accouchement diminuer; stratégie adopter cas; survenue conséquence hpp; hpp initial cas
54,https://www.has-sante.fr/jcms/c_272479/fr/prise-en-charge-de-la-drepanocytose-chez-l-enfant-et-l-adolescent,\r\nune meilleur connaissance; meilleur collaboration ville-santé,enfant famille; connaissance maladie; maladie zone; fort prévalence; ville-santé scolaire; constitution réseau; médecin adulte; éducation thérapeutique; évaluation social; information auprès; auprès acteur,meilleur collaboration ville-santé; \r\nune meilleur connaissance; zone France fort; action structurer éducation; acteur milieu vie; lutter contre stigmatisation; recommandation format pdf; collaboration service spécialiser
55,https://www.has-sante.fr/jcms/c_272496/fr/appreciation-du-risque-carieux-et-indications-du-scellement-prophylactique-des-sillons-des-premieres-et-deuxiemes-molaires-permanentes-chez-les-sujets-de-moins-de-18-ans,risque carie individuel; permanent sujet an; indication scellement sillon; deuxième molaire permanent; mise place scellement,modalité appréciation; appréciation risque; cas dent; sillon premier; premier deuxième; dent permanent; protocole mise; protocole suivi; suivi scellement; professionnel répondre; répondre question,permanent sujet an; deuxième molaire permanent; risque carie individuel; mise place scellement; indication scellement sillon; l\'objectif recommandation professionnel; document aborde également; économique prévention carie
56,https://www.has-sante.fr/jcms/c_2729222/fr/quelle-place-pour-la-transfusion-des-plasmas-therapeutiques,frer congeler traiter; syndrome hémolytique urémique,plasma frer; détress respiratoire; manifestation allergique; transfusion plasma; syndrome détress; plasma thérapeutique; déficit facteur; exploration allergologique; effet indésirable; médicament PSL; existe argument,syndrome hémolytique urémique; frer congeler traiter; antagoniser avk cas; respiratoire aigu post-transfusionnel; absence disponibilité concentré; situation requérir indiscutablement; allergique complication potentiellementgrave; élément différencier terme; viser diminuer symptôme; militaire déployer opération; concentrer complexe prothrombinique
57,https://www.has-sante.fr/jcms/c_2729833/fr/syringomyelie-les-fentes-intramedullaires,protocole national diagnostic; professionnel concerner prise; diagnostique thérapeutique optimal; évaluation traitement douleur; neuro-urologie exploration périnéal,explicite professionnel; prise charge; charge diagnostique; optimal parcours; référence maladie; aide méthodologie; participer élaboration; collaboration centre; centre évaluation; diagnostic soin; parcours soin,protocole national diagnostic; professionnel concerner prise; diagnostique thérapeutique optimal; évaluation traitement douleur; neuro-urologie exploration périnéal; soin patient atteindre; méthodologie proposer ha; objet validation ha; adulte pédiatrique Hôpital; Tenon service neurochirurgie; maladie rare collaboration
58,https://www.has-sante.fr/jcms/c_2746956/fr/actualisation-des-actes-de-biologie-medicale-relatifs-au-diagnostic-des-candidoses-invasives,acte biologie médical; Ac anti-Mn principalement; recommandation société savant,antigène soluble; diagnostic biologique; anticorps sérique; sérique anti-candida; modification libellé; identification mycologique; synthétique traiter; méta-analyse revue; médecine intensif; soumettre collège; professionnel anesthési,acte biologie médical; Ac anti-Mn principalement; recommandation société savant; interroger party prenant; recueil avis argumenter; français transplantation centre; collège ha validation; référence mycose invasif; synthèse élément argumentaire; examen confirmation technique; Conseils national professionnel
59,https://www.has-sante.fr/jcms/c_2748998/fr/utilite-clinique-des-signatures-genomiques-dans-le-cancer-du-sein-de-stade-precoce-rapport-d-evaluation,donnée test ème,signature génomique; prise charge; insuffisant test; test ère; ème génération; étude clinique; absence donnée; Assurance Maladie; Référentiel acte; acte innovant; anatomopathologique traditionnel,donnée test ème; sein stade précoce; patient présence embole; absence indication préalable; vue remboursement Assurance; baser critère complémentaire; utilité clinique signature
60,https://www.has-sante.fr/jcms/c_2749002/fr/evaluation-des-actes-de-vitrification-et-rechauffement-ovocytaire-vitrification-et-rechauffement-embryonnaire,ovocyte embryon donner,vitrification ovocyte; envisager substitution; substitution total; total technique; disponible permettre; donnée disponible; donnée littérature; vivant critère; critère jugement; montrer absence; statistiquement significatif,ovocyte embryon donner; comparer technique congélation; vitrification réchauffemer embryonnaire; jugement principal objectif; absence différence statistiquement; réalisation décrire arrêté; règle bon pratique; toutefois faire conclusion; biologique assistance médical; acte unique intituler; ailleurs fédération BLEFCO
61,https://www.has-sante.fr/jcms/c_2772744/fr/cancer-colorectal-modalites-de-depistage-et-de-prevention-chez-les-sujets-a-risque-eleve-et-tres-eleve,examen précédent acceptabilité,qualité examen; niveau risque; adénomateuse familial; an cas; Autorité Santé; colique étendre; nombre polype; grade PF; risque lier; adapter niveau; syndrome Lynch,examen précédent acceptabilité; an résultat niveau; maladie inflammatoire chronique; consiste marquer zone; spray cathéter passer; actualisation référentiel pratique; chromoendoscopie examen complémentaire; faire coloscopie contrôle; coloscopie virtuel alternative; canal opérateur endoscope.\r\n; sujet risque élevé
62,https://www.has-sante.fr/jcms/c_2772874/fr/purpura-thrombopenique-immunologique-de-l-enfant-et-de-l-adulte,cytopénie auto-immune l\'enfant; santé maladie rare,l\'égide filière; filière santé; rare MARIH; rare Immuno,santé maladie rare; cytopénie auto-immune l\'enfant
63,https://www.has-sante.fr/jcms/c_2776088/fr/traitements-interventionnels-de-premiere-intention-des-calculs-urinaires,cas calcul urinaire; évolution naturel expulsion; lithotritie extracorporel onde; information utile transmettre; permettre réaliser choix,affection fréquent; expulsion spontaner; onde choc; néphrolithotomie percutané; précise situation; mesure alternative; apporte information; urologique nécessaire; concerne patient; recours intervention; situation critère,lithotritie extracorporel onde; cas calcul urinaire; évolution naturel expulsion; information utile transmettre; permettre réaliser choix; médical vérifier retenir; cadre décision médical; critère sélection intervention; condition technique réalisation; urinaire nécessiter recours; lithiase urinaire affection
64,https://www.has-sante.fr/jcms/c_2790581/fr/systemes-de-telesurveillance-pour-defibrillateurs-cardiaques-automatiques-implantables,télésurveillance médical DAI; modalité mise œuvre,service rendre; suivi patient; suivi DAI; système télésurveillance; évaluation technologique; erc méta-analyse; méta-analyse évaluer; traduire réduction; réduction délai; évènement indésirable; non établir,modalité mise œuvre; télésurveillance médical DAI; sur-risque terme évènement; triple chambre sonde(s; condition minimal satisfair; pour\xa professionnel santé; délai transmission information; choc inapproprié total; rendre renouvellement inscription; cnedimt formuler exigence; préciser exigence formation
65,https://www.has-sante.fr/jcms/c_2820763/fr/accueil-du-nouveau-ne-en-salle-de-naissance,traçabilité écrite quitter; noter feuille surveillance,boire vérification; dépistage anomalie; trouble métabolique; quitter salle; fin heure; enfant suite; thermique éclairage; non mettre; mettre évidence; réaliser sage; vérification bon,traçabilité écrite quitter; noter feuille surveillance; soin routine réaliser; bon condition thermique; transférer mère enfant; naître plan dur; heure peau peau; naissance examen réaliser; évidence naissance rechercher
66,https://www.has-sante.fr/jcms/c_2829945/fr/endoprotheses-coronaires-stents-rapport-d-etude-has-ansm,gamme stent coronaire,donnée santé; stent actif; vie réel; réaliser partir; évènement ischémique; différer gamme; y patient; partir donnée; recevoir stent; porteur stent; stent nus,gamme stent coronaire; ischémique hémorragique différer; patient risque hémorragique
67,https://www.has-sante.fr/jcms/c_2833668/fr/l-accompagnement-des-mineurs-non-accompagnes-dits-mineurs-isoles-etrangers-mna,élaborer mettre oeuvre,non accompagner; mineur non; lieu évaluation; évaluation minorité; dimension juridique; technique managérial; accueil provisoire; nécessité centrer; centrer accompagnement; importance identifier; compte dernier,élaborer mettre oeuvre; provisoire urgence garanti; accompagnement MNA réponse; intégration durable réussir; identifier prendre compte; répondre individualisé besoin; mettre ensuite nécessité; accueillir sein dispositif; question immigration ministère; utile particulier professionnel; recommandation destiner professionnel
68,https://www.has-sante.fr/jcms/c_2835358/fr/la-participation-des-usagers-dans-les-etablissements-medico-sociaux-relevant-de-l-addictologie,secteur médico-social suite,participation usager; usager fonctionnement; dédier personne; personne toxicomane; suite loi; loi janvier; intéresser originalité; trouv -t; -t on; aborder pratique; accueil accompagnement,secteur médico-social suite; temps partiel.\xaencore trouv; on production aborder; instance adresser nouveau; élaborer partir étude; faciliter ouverture débat; composer petit équipe; composer fort proportion; document forum question; médico-social inscrire continuité; rapprochement structure dédier
69,https://www.has-sante.fr/jcms/c_2860345/fr/recommandation-vaccinale-chez-les-personnes-dont-le-statut-vaccinal-est-inconnu-ou-incompletement-connu-en-population-generale-et-en-populations-particulieres-feuille-de-route,statut vaccinal inconnu; connaître population général; continuité rattrapage vaccinal,inconnu incomplètemer; incomplètemer connaître; élaboration recommandation; général population; feuille route; pratique actuel; conduite interprétation; place sérologie; sérologie pré; infectieuser cadre; cadre stratégie,statut vaccinal inconnu; connaître population général; continuité rattrapage vaccinal; actuel professionnel confronter; stratégie global prévention; dépistage pathologie infectieuser
70,https://www.has-sante.fr/jcms/c_2860414/fr/actualisation-des-actes-de-biologie-medicale-relatifs-au-diagnostic-de-la-trichinellose-argumentaire,sérodiagnostic dépistage indiquer; suivi réaliser aujourd’hui,immunodiffusion double; recherche itératif; sérum servir; aujourd’hui imagerie; servir sérodiagnostic; Western blot; rechercher anticorps; anticorps circuler; hémagglutination sensibiliser; technique obsolèter; hémagglutination indirect,sérodiagnostic dépistage indiquer; suivi réaliser aujourd’hui; itératif anticorps sérum; circuler technique immunoenzymatique; trichinellose passer rechercher; suivi sérologique trichinellose
71,https://www.has-sante.fr/jcms/c_2873859/fr/normes-de-securite-incendie-dans-les-ehpad-structures-j-et-u-entre-normes-et-personnalisation-des-espaces,personne atteindre maladie; pôle activité soin,maladie neuro-dégénérativ; accueil accompagnement; accompagnement personne; soin adapter; unité hébergement; neuro-dégénérativ pôle; neuro-dégénérativ unité; sécurité incendi; disposition spécifique,personne atteindre maladie; pôle activité soin
72,https://www.has-sante.fr/jcms/c_2876005/fr/maladie-de-willebrand,protocole national diagnostic; professionnel concerner prise; diagnostique thérapeutique optimal; aide méthodologie proposer,maladie Willebrand; explicite professionnel; prise charge; charge diagnostique; optimal parcours; élaborer centre; centre référence; diagnostic soin; parcours soin; atteindre maladie; référence maladie,protocole national diagnostic; professionnel concerner prise; diagnostique thérapeutique optimal; aide méthodologie proposer; soin patient atteindre
73,https://www.has-sante.fr/jcms/c_2893724/fr/evaluation-du-parage-de-plaie-de-la-pulpe-par-coiffage-pulpaire-direct-rapport-d-evaluation-technologique,coiffage pulpaire direct; rapport évaluation technologique,taux succès; dent permanent; thérapeutique conservation; conservation vitalité; non comparatif; revoir systématique; systématique méta-analyse; dent temporaire; vitalité pulpaire,coiffage pulpaire direct; rapport évaluation technologique
74,https://www.has-sante.fr/jcms/c_2893770/fr/evaluation-de-la-pose-d-une-couronne-dentaire-transitoire-pour-couronne-dentoportee-rapport-d-evaluation-technologique,pose couronne transitoire,recommandation bon; bon pratique; intervalle temps; temps préparation; couronne définitif; couronne usage,pose couronne transitoire; préparation dent pose
75,https://www.has-sante.fr/jcms/c_2895029/fr/holoprosencephalie-hpe-formes-apparentees,protocole national diagnostic; professionnel concerner prise; diagnostique thérapeutique optimal; soin patient atteindre,"explicite professionnel; prise charge; charge diagnostique; optimal parcours; atteindre holoprosencéphalie; diagnostic soin; parcours soin; microforme HPE; clad ouest\xa""centr; ouest\xa""centr labelliser; crdi\xa""déficience intellectuel",protocole national diagnostic; professionnel concerner prise; diagnostique thérapeutique optimal; soin patient atteindre; intellectuel cause rare; aide méthodologie proposer; Ouest centre référence; participer élaboration protocole; le\xacentre référence clad; labelliser anomalie développement
76,https://www.has-sante.fr/jcms/c_2900204/fr/syndrome-de-budd-chiari,centre référence maladie,syndrome Budd; site centre; explicite professionnel; prise charge; charge diagnostique; optimal parcours; vasculaire foie; méthodologie proposer; objet validation; diagnostic soin; parcours soin,centre référence maladie; protocole national diagnostic; professionnel concerner prise; diagnostique thérapeutique optimal; foie aide méthodologie; soin patient atteindre; ha participer élaboration
77,https://www.has-sante.fr/jcms/c_2900207/fr/thrombose-de-la-veine-porte-au-cours-de-la-cirrhose,centre référence maladie,veine porte; porte cours; explicite professionnel; prise charge; charge diagnostique; optimal parcours; maladie vasculaire; vasculaire foie; méthodologie proposer; objet validation; consulter le\xapnds,centre référence maladie; protocole national diagnostic; professionnel concerner prise; diagnostique thérapeutique optimal; foie aide méthodologie; soin patient atteindre; ha participer élaboration
78,https://www.has-sante.fr/jcms/c_2900212/fr/atteintes-hepatiques-au-cours-de-la-maladie-de-rendu-osler,atteinte hépatique cours,centre référence; cours maladie; maladie rendu; site centre; référence consulter,atteinte hépatique cours
79,https://www.has-sante.fr/jcms/c_2906096/fr/patients-presentant-un-trouble-neurocognitif-associe-a-la-maladie-d-alzheimer-ou-a-une-maladie-apparentee,trouble cognitif trouble; d\'alzheimer apparenter an,médecine général; maladie d\'alzheimer; d\'un trouble; prise charge; consultation mémoir; non médicamenteux; vue l\'aider; protection juridique\xer; rôle acteur; personne malade; mémoire langage,trouble cognitif trouble; d\'alzheimer apparenter an; accéder recherche l\'innovation; qualité vie personne; comprendre handicap devoir; diagnostique progressif personnaliser; préserver autonomie fonctionnel; communiquer malgré trouble; situation diagnostique complexe; prévenir trouble psychocomportemental; étiologique définir objecif
80,https://www.has-sante.fr/jcms/c_2908881/fr/le-projet-personnalise-une-dynamique-de-parcours-d-accompagnement-volet-residences-autonomie,projet personnaliser outil; viser répondre long; vision porter législateur; insérer code action; pratique associer étroitement,outil coordination; coordination viser; long terme; législateur texte; texte insérer; sein établissement; médicosocial participer; équipe écoute; écoute résident; participation effectif; employer intégrer,projet personnaliser outil; viser répondre long; vision porter législateur; insérer code action; pratique associer étroitement; établissement social médicosocial; conduire personne accueillir; réussite élaboration projet; besoin attente accueillir; accompagner attente besoin; projet accompagnemer dynamique
81,https://www.has-sante.fr/jcms/c_2910200/fr/syndrome-d-alstrom,protocole national diagnostic; professionnel concerner prise; diagnostique thérapeutique optimal; soin patient atteindre,explicite professionnel; prise charge; charge diagnostique; optimal parcours; atteindre syndrome; syndrome d\'alström; diagnostic soin; parcours soin; affections\xarare Génétique; Génétique ophtalmologique; partenariat de\xaler,professionnel concerner prise; diagnostique thérapeutique optimal; soin patient atteindre; protocole national diagnostic; Filière santé maladie; sensoriel sensgene aide; validation ha participer; national référence\xapour affections\xarare; le\xa centre national
82,https://www.has-sante.fr/jcms/c_2913452/fr/test-d-amplification-des-acides-nucleiques-pour-le-diagnostic-biologique-de-l-infection-par-le-virus-du-nil-occidental-rapport-d-evaluation-technologique,zone période circulation,voyager zone; circulation virus; signe clinique; résider voyager; présence signe; apparition signe; mettre place; sérique partir; enceinte allaitant; renforcer grossesse; grossesse suspension,zone période circulation; voyage résidence région; recommander participer programme; examen minimer qualitatif; place surveillance renforcer; complément recherche anticorps; clinique suspecter infection; jour apparition qualification
83,https://www.has-sante.fr/jcms/c_2972905/fr/accident-vasculaire-cerebral-pertinence-des-parcours-de-reeducation/readaptation-apres-la-phase-initiale-de-l-avc,décider orientation patient,prise charge; patient parcours; implication équiper; déficit définir; impliquer équipe; comporter séance; organiser manière; système nerveux; équiper professionnel; parcours adapter; réalisation précoce,décider orientation patient; partir outil standardiser; équipe UNV ssr; séance minuter type; professionnel spécialisée multidisciplinaire; privilégier recours SSR; organisation consultation pluridisciplinaire; manière coordonné pluridisciplinaire; précoce évaluation initial; prise compte sévérité; définir besoin rééducation
84,https://www.has-sante.fr/jcms/c_334439/fr/modalites-pratiques-de-la-ventilation-non-invasive-en-pression-positive-au-long-cours-a-domicile-dans-les-maladies-neuromusculaires,mise œuvre ventilation; long cours patient; toux assister désencombrement; technique associer indispensable; périodique aggravation état,VNI long; ventilation non; non invasive; patient atteindre; atteindre maladie; surveillance médical; médical périodique; limite alternative; cours enfant; indispensable VNI; alternative VNI,long cours patient; mise œuvre ventilation; toux assister désencombrement; technique associer indispensable; périodique aggravation état; gestion quotidien VNI
85,https://www.has-sante.fr/jcms/c_432802/fr/prise-en-charge-de-l-hemochromatose-liee-au-gene-hfe-hemochromatose-de-type-1,évaluation initial traitement,prise charge; modalité prise; traitement surcharge; détection complication; charge famille; charge domicile; éligibilité modalité; surcharge martial; suivre patient; conseil génétique; critère éligibilité,évaluation initial traitement
86,https://www.has-sante.fr/jcms/c_451135/fr/criteres-d-eligibilite-des-patients-a-une-chimiotherapie-anticancereuse-a-domicile,chimiothérapie anticancéreux domicile; condition sécurité qualité; patient cadre d\'un; entourage définition critère; domicile surveillance postchimiothérapi,qualité comparable; comparable l\'hospitalisation; d\'un projet; projet thérapeutique; critère médical; réalisable domicile; domicile condition; préférence patient; patient entourage; typologie chimiothérapie; œuvre chimiothérapie,chimiothérapie anticancéreux domicile; condition sécurité qualité; entourage définition critère; patient cadre d\'un; domicile surveillance postchimiothérapi; chimiothérapie anticancéreuses réalisable
87,https://www.has-sante.fr/jcms/c_464884/fr/indications-du-dosage-des-ige-specifiques-dans-le-diagnostic-et-le-suivi-des-maladies-allergiques,indication dosage ige,ige spécifique; étiologique complexe; complexe raison; spécificité symptôme; mécanisme cause; repose interrogatoire; immunoglobuline type; type e; réaction hypersensibilité; allergène utile; travail préciser,indication dosage ige; raison non spécificité; provocation réexposition allergène; clinique multiplicité mécanisme; test cutané /ou; diagnostic allergologique étiologique; diagnostic suivi maladie; élevé prescription dosage; biologique dosage immunoglobuline; dire spécifique réaction
88,https://www.has-sante.fr/jcms/c_533480/fr/polyarthrite-rhumatoide-aspects-therapeutiques-hors-medicaments-et-chirurgie-aspects-medico-sociaux-et-organisationnels,non médicamenteux traitement; atteindre polyarthrite rhumatoïde,prise charge; envisager place; charge social; physique réadaptation; balnéothérapie thermalisme; régime diététique; activité stade; stade évolution; aide sociale; l\'éducation thérapeutique; place technique,atteindre polyarthrite rhumatoïde; non médicamenteux traitement; technique fonction activité; sociale association patient; envisager traitement physique
89,https://www.has-sante.fr/jcms/c_534304/fr/ald-n13-maladie-coronarienne,acte prestation document; médecin traitant praticien; l\'assurance maladie l\'élaboration; soin vue l\'admission,document référence; praticien conseil; conseil l\'assurance; l\'élaboration protocole; protocole soin; référence médecin; attention patient; vise soutenir; soutenir dialogue; destiner remettre; guide attention,médecin traitant praticien; acte prestation document; soin vue l\'admission; l\'assurance maladie l\'élaboration; guide parcours soin
90,https://www.has-sante.fr/jcms/c_534673/fr/ald-n5-insuffisance-cardiaque-a-fonction-systolique-preservee,acte prestation document; médecin traitant praticien; l\'assurance maladie l\'élaboration; soin vue l\'admission,document référence; praticien conseil; conseil l\'assurance; l\'élaboration protocole; cardiaque fraction; fraction d\'éjection; protocole soin; l\'admission ALD; référence médecin; attention patient; soutenir dialogue,médecin traitant praticien; acte prestation document; soin vue l\'admission; l\'assurance maladie l\'élaboration; parcours soin insuffisance
91,https://www.has-sante.fr/jcms/c_534689/fr/ald-n5-insuffisance-cardiaque-systolique,acte prestation document; médecin traitant praticien; l\'assurance maladie l\'élaboration; soin vue l\'admission,document référence; praticien conseil; conseil l\'assurance; l\'élaboration protocole; cardiaque systolique; protocole soin; l\'admission ALD; référence médecin; soutenir dialogue; destiner remettre; guide attention,médecin traitant praticien; acte prestation document; soin vue l\'admission; l\'assurance maladie l\'élaboration; soin insuffisance cardiqu
92,https://www.has-sante.fr/jcms/c_546220/fr/ald-n16-maladie-de-parkinson,acte prestation document; médecin traitant praticien; l\'assurance maladie l\'élaboration; soin vue l\'admission,document référence; praticien conseil; conseil l\'assurance; l\'élaboration protocole; protocole soin; référence médecin; attention patient; vise soutenir; soutenir dialogue; destiner remettre; guide attention,médecin traitant praticien; acte prestation document; soin vue l\'admission; l\'assurance maladie l\'élaboration; guide parcours soin
93,https://www.has-sante.fr/jcms/c_646765/fr/gastrectomie-longitudinale-sleeve-gastrectomy-pour-obesite,technique valider chirurgie,gastrectomie longitudinal; donnée efficacité; efficacité sécurité; condition réalisation; réalisation acte; sécurité gastrectomie; chirurgie obésité; technique gastrectomie,technique valider chirurgie; acte lier patient
94,https://www.has-sante.fr/jcms/c_679796/fr/indications-de-la-radiographie-du-bassin,diagnostique radiographie bassin,place stratégie; stratégie diagnostique; fréquemment réaliser; national caisse; caisse assurance; ha préciser; référentiel valider; valider actualiser; pouvoir utiliser; utiliser cadre; médicalement justifier,diagnostique radiographie bassin; prévoir classification commun; cadre maîtrise médicaliser; auprès professionnel santé; codage spécifique acte; favoriser diffusion indication; permettre constater radiographie; bassin très fréquemment
95,https://www.has-sante.fr/jcms/c_728748/fr/place-des-dosages-des-apolipoproteines-a1-et-b-dans-le-bilan-lipidique,acte biologie médical; exploration anomalie lipidique; fonction intérêt diagnostique; charge Assurance maladie,réaliser cadre; cadre exploration; calcul concentration; formule Friedewald; évaluer HAS; rendre avis; avis fonction; diagnostique maintien; prendre charge; apolipoprotéine b; complément dosage,acte biologie médical; exploration anomalie lipidique; fonction intérêt diagnostique; charge Assurance maladie; acte liste acte
96,https://www.has-sante.fr/jcms/c_745656/fr/indications-et-non-indications-de-la-radiographie-de-l-abdomen-sans-preparation,diagnostique radiographie abdomen,abdomen préparation; place stratégie; stratégie diagnostique,diagnostique radiographie abdomen
97,https://www.has-sante.fr/jcms/c_755004/fr/indications-et-non-indications-de-la-radiographie-du-thorax,prévoir classification commun; référentiel valider actualiser; pouvoir utiliser cadre; auprès professionnel santé,fréquemment réaliser; national caisse; caisse assurance; ha préciser; stratégie diagnostique; disposer référentiel; cadre maîtrise; maîtrise médicaliser; favoriser diffusion; santé grand; grand public,prévoir classification commun; référentiel valider actualiser; pouvoir utiliser cadre; auprès professionnel santé; codage spécifique acte; permettre constater radiographie; thorax très fréquemment
98,https://www.has-sante.fr/jcms/c_758626/fr/spondyloplastie-par-ballonnets-cyphoplastie,compte rapport thérapeutique; effet indésirable place,spondyloplastie ballonnet; intérêt dispositif; dispositif implantable; prendre compte; place stratégie; ballonnet prendre; stratégie thérapeutique; spondyloplastie expansion; traitement antalgique; substitut osseux; ciment substitut,effet indésirable place; compte rapport thérapeutique
99,https://www.has-sante.fr/jcms/c_767572/fr/ald-n-23-troubles-depressifs-recurrents-ou-persistants-de-l-adulte,objectif guide médecin,trouble dépressif; expliciter prise; optimal seul; admettre cadre; cadre ald; affection psychiatrique; persistant sévère; stress dysthymie; dysthymie léger; traitant pouvoir; support dialogue,objectif guide médecin; prise charge optimal; psychiatrique long durée; aigu facteur stress; pouvoir constituer support; destiner remettre médecin; trouble humeur persistant; guide attention patient; guide limite trouble; patient dépressif admettre
100,https://www.has-sante.fr/jcms/c_784238/fr/pose-d-endoprothese-fenetree-ou-multibranches-dans-le-traitement-des-anevrismes-aortiques-complexes,haut risque anévrisme,pose endoprothèse; patient haut; traitement endovasculaire; associer non; iliaque commun; commun distal; évaluer efficacité; actuel condition; donnée nécessaire; nécessaire valider; moyen long,haut risque anévrisme; efficacité sécurité acte; cas contre-indication chirurgie; étude recueil donnée; perméabilité vaisseau cible; rapport concerne évaluation; endoprothèse fenêtrer multibranche; abdominal type iv; permettre définir indication; accessible population patient; valider technique moyen
101,https://www.has-sante.fr/jcms/c_819705/fr/chirurgie-prothetique-du-genou-assistee-par-ordinateur-apport-de-la-navigation,chirurgie prothétique genou; \xa nombre arthroplastie,système navigation; évaluation faire; faire état; connaissance actuel; bénéfice potentiel; estimer respectivement; uniquement personne; profil population; évolué attente; durée vie; utiliser non,chirurgie prothétique genou; \xa nombre arthroplastie; état lieu connaissance; mise place pièce; terme efficacité sécurité; non image préopératoire; effectuer action patient; information anatomique information; analyser résultat fonctionnel; espace instrument chirurgical; objectif rapport évaluation
102,https://www.has-sante.fr/jcms/c_820058/fr/ald-n-30-cancer-du-poumon-et-mesotheliome-pleural-malin,médecin traitant praticien,pleural malin; Mésothéliome pleural; document référence; praticien conseil; conseil l\'assurance; l\'élaboration protocole; attention patient; vise soutenir; protocole soin; l\'admission ALD; traitant vise,médecin traitant praticien; acte prestation document; soin vue l\'admission; l\'assurance maladie l\'élaboration; patient remettre médecin; soutenir dialogue médecin; pulmonaire Mésothéiome pleural
103,https://www.has-sante.fr/jcms/c_829810/fr/photochimiotherapie-extracorporelle,réaliser utiliser appareillage,agir système,réaliser utiliser appareillage
104,https://www.has-sante.fr/jcms/c_847166/fr/ald-hors-liste-arthrite-juvenile-idiopathique,expliciter professionnel santé; charge optimal actuel; atteindre arthrite juvénile,national diagnostic; santé prise; prise charge; juvénile idiopathique; maladie Still; oligoarticulair polyarticulaire; polyarticulaire facteur; représenter tiers; adjoint servir; servir référence; traitant concertation,expliciter professionnel santé; charge optimal actuel; atteindre arthrite juvénile; liste acte prestation; d\'une demande d\'exonération; modérateur titre d\'une; objectif protocole national; protocole soin conjointemer; référence médecin traitant moment
105,https://www.has-sante.fr/jcms/c_952574/fr/traitement-implantoprothetique-de-l-adulte-atteint-d-agenesies-dentaires-multiples-liees-a-une-maladie-rare,agénésie dentaire multiple,prise charge; multiple lier; adulte atteindre; lier maladie; d\'évaluer ensemble; associer chirurgie; prothèse amovible; amovible supraimplantair; efficacité sécurité; phase successive; ministère souhaiter,agénésie dentaire multiple; tenir compte efficacité; ha saisir uncam; établir équité accès; acte impliquer phase; traitement condition réalisation; suite demande ministère; implant pose prothèse; évaluation objectif d\'évaluer; charge implantoprothétiqu adulte; évaluation aboutir prise
106,https://www.has-sante.fr/jcms/c_952687/fr/place-de-l-irradiation-intracranienne-en-conditions-stereotaxiques-radiochirurgie-et-radiotherapie-stereotaxique-dans-le-traitement-de-pathologies-non-cancereuses-rapport-d-evaluation,irradiation intracrânien condition,condition stéréotaxique; non cancéreux,irradiation intracrânien condition
107,https://www.has-sante.fr/jcms/c_996967/fr/evaluation-des-equipements-de-verticalisation-des-equipements-d-assistance-a-la-marche-et-des-equipements-de-soulevement-et-de-transfert,assurer bien fonder; regard intérêt clinique; définir indication situation; condition utilisation prescription; modalité inscription équipement,fonder remboursement; remboursement regard; déterminer condition; cas échoir; technique répondre; LPPR décrir; situation clinique; définir modalité; équipement LPPR; clinique utilisation; soulèvement inscrire,assurer bien fonder; regard intérêt clinique; définir indication situation; modalité inscription équipement; condition utilisation prescription; objectif travail réévaluer; liste produit prestation; appareil destiner soulèvement
108,https://www.has-sante.fr/jcms/r_1437961/fr/oxygenotherapie-a-long-terme-choisir-la-source-la-mieux-adaptee-fiche-buts,source oxygèn proposer; mieux adaptée compte; débit réglage prescrire; spécification technique dispositif,proposer oxygénothérapie; oxygénothérapie domicile; fixe mobile; considérer équivalente; vue efficacité; efficacité clinique; capacité production; poids bruit; compte besoin; besoin déambulation; administration mode,source oxygèn proposer; mieux adaptée compte; débit réglage prescrire; spécification technique dispositif; mode continu pulsé; domicile concentrateur oxygèn; gazeux réservoir oxygèn
109,https://www.has-sante.fr/jcms/r_1437977/fr/indications-et-prescription-d-une-autosurveillance-glycemique-chez-un-patient-diabetique-fiche-buts,pluriquotidienne diabète type; démarche éducation patient,Systématique pluriquotidienne; fonction situation; situation clinique; automatiquemer généraliser; généraliser ensemble; conséquence thérapeutique; thérapeutique immédiat; mesure passif; .inscrite démarche; Inscrite démarche; type .limitée,pluriquotidienne diabète type; démarche éducation patient
110,https://www.has-sante.fr/jcms/r_1438075/fr/place-des-stimulateurs-cardiaques-simple-et-double-chambre-fiche-buts,relever stimulateur double,double chambre; simple chambre; bloc auriculo; synchronisation oreillette; oreillette nécessaire; stimulateur simple; chambre ventriculaire,relever stimulateur double
111,https://www.has-sante.fr/jcms/r_1439689/fr/contraceptifs-oraux-estroprogestatifs-preferez-les-pilules-de-1re-ou-2e-generation,contraceptif oral estroprogestatif; accident thromboembolique artériel; rechercher facteur risque; contenir μg éthinyl,re e; thromboembolique veineux; risque thromboembolique; moyen efficace; Pearl <; grossesse non; non désirer; indispensable rechercher; indésirable acné; aménorrrhé méno; efficacité type,contenir μg éthinyl; contraceptif oral estroprogestatif; rechercher facteur risque; accident thromboembolique artériel; mode contraception proposer; apporter bénéfice supplémentaire; estroprogestatif associer augmentation; femme surrisque accident; rapport coep re; ha considérer contraceptif; risque constituer contre-indication
112,https://www.has-sante.fr/jcms/r_1439696/fr/les-medicaments-des-acces-douloureux-paroxystiques-du-cancer,place stratégie thérapeutique; Actiq ® Effentora; Instanyl ® Pecfent,Abstral ®; ® Actiq; Effentora ®; ® Instanyl; Pecfent ®; ® recivit; justifier utilisation; action rapide; rapide voie; clinique rapport; cancer justifier,place stratégie thérapeutique; Actiq ® Effentora; Instanyl ® Pecfent; recivit ® Abstral; accès douloureux paroxystique; utilisation morphinique action; forme galénique différer; démontrer avantage clinique; actuellement disponible indication; fentanyl principe actif; indiquer traitement ADP
113,https://www.has-sante.fr/jcms/r_1439925/fr/les-inhibiteurs-de-la-pompe-a-protons-chez-l-adulte,traitement reflux gastro-oesophagien; traitement lésion gastroduodénale; anti-inflammatoire non stéroïdien; helicobacter pylori traitement,gastroduodénale devoir; devoir anti-inflammatoire; ulcère gastroduodénal; traitement ulcère; utilisation adulte; adulte inhibiteur; molécule actuellement; oesophagite rgo.prévention; patient risque.éradication; risque.éradication helicobacter; patient risque,anti-inflammatoire non stéroïdien; traitement reflux gastro-oesophagien; traitement lésion gastroduodénale; helicobacter pylori traitement; ha réévaluer utilisation; inhibiteur pompe proton; ipp indication principal
114,https://www.has-sante.fr/jcms/r_1440019/fr/quelle-place-pour-le-candesartan-atacand-kenzen-dans-l-insuffisance-cardiaque,patient symptomatique dépit,stratégie thérapeutique\xa; l\'amélioration service; ASMR niveau; caractéristique retenir\xa; triple association; médical optimal; service médical; médical rendre; traitement médical,patient symptomatique dépit
115,https://www.has-sante.fr/jcms/r_1495740/fr/prise-en-charge-initiale-d-un-accident-ischemique-transitoire-recent,deprévention secondaire aspirine,immédiat accident; accident ischémique; patient priseen; bilan étiologique; del’ mettre; prise charge; charge diagnostique; priseen charge; traitement deprévention; rapidement diagnostic; rapidement traitement,"deprévention secondaire aspirine; diagnostique traitement immédiat; mettre place rapidement; ischémique transitoire adulte""et; aitadresser rapidement patient; sélectionner partir recommandation; élément simple opérationnel; \xa critère qualité; adulte objectif qualité; spécialiser réaliser bilan; charge spécialiséeréaliser bilan"
116,https://www.has-sante.fr/jcms/r_1497412/fr/realisation-d-une-grille-d-analyse-de-la-pertinence-des-demandes-de-transfert-et-d-admission-en-ssr-note-de-cadrage,note cadrage précise; réaliser outil aide; forme grille pertinence; patient soin suite; validation grille pilote,suite réadaptation; aide décision; décision forme; admission patient; précise question; mettre œuvre; œuvre réaliser; établissement santé; réduire conséquence; conséquence fonctionnel; sociale déficience,patient soin suite; forme grille pertinence; note cadrage précise; réaliser outil aide; validation grille pilote; plan réalisation mettre; déficience limitation capacité; reconnaître aval court; réseau requa Franche; servira point départ; objet prévenir réduire
117,https://www.has-sante.fr/jcms/r_1499422/fr/evaluation-des-medicaments-antihypertenseurs-et-place-dans-la-strategie-therapeutique-note-de-cadrage,évaluer classe antihypertenseur; charge HTA essentiel,préciser problématique; œuvre calendrier; calendrier prévisionnel; antihypertenseur prise; prise charge; technologie santé; littérature clinique; base donnée; donnée prescription; réalisation modèle; rédiger sem,évaluer classe antihypertenseur; charge HTA essentiel; méthode mettre œuvre; comporte rédaction argumentaire; soumettre consultation groupe; analyse exhaustif littérature; méthode proposer évaluation; note cadrage objectif; groupe travail multidisciplinaire; santé analyse médico-économiqu; avis médico-économiqu rédiger
